{
  "results": {
    "scenario": "Scenario 11PV-20BAT",
    "total_power_demand": 11.38,
    "generation_pv": 10.05,
    "own_consumption": 6.15,
    "power_purchased": 5.24,
    "power_sold": 3.91,
    "own_consumption_ratio": 54,
    "total_cost": 40857,
    "annual_savings": 1526,
    "return_on_invest": 26.8,
    "winter": [
      [
        "No",
        "Strombedarf GESAMT [kW]",
        "Stromerzeugung GESAMT [kW]",
        "von PV [kW]",
        "von Batterie [kW]",
        "in Batterie [kW]",
        "Netzbezug [kW]",
        "Netzeinspeisung [kW]"
      ],
      [0, 0.50463357, 0, 0, 0.50463357, 0, 0, 0],
      [1, 0.37529482, 0, 0, 0.37529482, 0, 0, 0],
      [2, 0.30103322, 0, 0, 0.30103322, 0, 0, 0],
      [3, 1.738166781, 0, 0, 1, 0.738166781, 0, 0],
      [4, 1.713277384, 0, 0, 1, 0.713277384, 0, 0],
      [5, 0.225965418, 0, 0, 0.225965418, 0, 0, 0],
      [6, 1.720596766, 0, 0, 1, 0.720596766, 0, 0],
      [7, 1.777859625, 0, 0, 1, 0.777859625, 0, 0],
      [8, 2.002743469, 4.905132857, 2.002743469, 0, 0, 2.902389388, 0],
      [9, 2.306168849, 7.016955, 2.306168849, 0, 0, 3, 1.710786151],
      [10, 2.535845432, 8.292857143, 2.535845432, 0, 0, 0, 5.757011711],
      [11, 1.257661149, 8.845714286, 1.257661149, 0, 0, 0, 7.588053137],
      [12, 2.811968926, 9.107307857, 2.811968926, 0, 0, 0, 6.295338931],
      [13, 3.746799829, 3.400992857, 3.400992857, 0.345806972, 0, 0, 0],
      [14, 2.456843673, 1.09263, 1.09263, 1, 0.364213673, 0, 0],
      [15, 0.974786411, 0, 0, 0.974786411, 0, 0, 0],
      [16, 2.417841557, 0, 0, 1, 1.417841557, 0, 0],
      [17, 2.569638388, 0, 0, 1, 1.569638388, 0, 0],
      [18, 3.805092909, 0, 0, 1, 2.805092909, 0, 0],
      [19, 2.757038947, 0, 0, 1, 1.757038947, 0, 0],
      [20, 2.606589471, 0, 0, 1, 1.606589471, 0, 0],
      [21, 0.93984058, 0, 0, 0.93984058, 0, 0, 0],
      [22, 2.28511842, 0, 0, 1, 1.28511842, 0, 0],
      [23, 2.07007649, 0, 0, 1, 1.07007649, 0, 0],
      [24, 1.875635551, 0, 0, 1, 0.875635551, 0, 0],
      [25, 1.783723302, 0, 0, 1, 0.783723302, 0, 0],
      [26, 1.752004701, 0, 0, 1, 0.752004701, 0, 0],
      [27, 1.723694781, 0, 0, 1, 0.723694781, 0, 0],
      [28, 2.826957995, 0, 0, 1, 1.826957995, 0, 0],
      [29, 1.753918399, 0, 0, 1, 0.753918399, 0, 0],
      [30, 0.514164284, 0, 0, 0.514164284, 0, 0, 0],
      [31, 2.222288625, 0, 0, 1, 1.222288625, 0, 0],
      [32, 3.36610658, 3.596704286, 3.36610658, 0, 0, 0.230597705, 0],
      [33, 2.221793849, 1.251207857, 1.251207857, 0.970585992, 0, 0, 0],
      [34, 2.213271932, 8.595638571, 2.213271932, 0, 0, 3, 3.382366639],
      [35, 2.26863163, 2.856705, 2.26863163, 0, 0, 0.58807337, 0],
      [36, 2.018369056, 2.013321429, 2.013321429, 0.005047627, 0, 0, 0],
      [37, 2.393629218, 2.676012857, 2.393629218, 0, 0, 0.28238364, 0],
      [38, 2.341832673, 0.083665714, 0.083665714, 1, 1.258166959, 0, 0],
      [39, 0.909936911, 0, 0, 0.909936911, 0, 0, 0],
      [40, 3.521613168, 0, 0, 1, 2.521613168, 0, 0],
      [41, 2.587197388, 0, 0, 1, 1.587197388, 0, 0],
      [42, 2.749975298, 0, 0, 0, 2.749975298, 0, 0],
      [43, 1.337310966, 0, 0, 1, 0.337310966, 0, 0],
      [44, 2.653245471, 0, 0, 0, 2.653245471, 0, 0],
      [45, 2.452948062, 0, 0, 0, 2.452948062, 0, 0],
      [46, 2.29685442, 0, 0, 0, 2.29685442, 0, 0],
      [47, 3.191839102, 0, 0, 0, 3.191839102, 0, 0]
    ],
    "summer": [
      [
        "No",
        "Strombedarf GESAMT [kW]",
        "Stromerzeugung GESAMT [kW]",
        "von PV [kW]",
        "von Batterie [kW]",
        "in Batterie [kW]",
        "Netzbezug [kW]",
        "Netzeinspeisung [kW]"
      ],
      [0, 0.33149157, 0, 0, 0.33149157, 0, 0, 0],
      [1, 0.25725532, 0, 0, 0.25725532, 0, 0, 0],
      [2, 0.22745822, 0, 0, 0.22745822, 0, 0, 0],
      [3, 1.305754911, 0, 0, 1, 0.305754911, 0, 0],
      [4, 0.190188902, 0.127802143, 0.127802143, 0.06238676, 0, 0, 0],
      [5, 0.222311418, 0.812976429, 0.222311418, 0, 0, 0.590665011, 0],
      [6, 0.360759284, 2.647632857, 0.360759284, 0, 0, 2.286873573, 0],
      [7, 0.481368644, 4.496847857, 0.481368644, 0, 0, 3, 1.015479213],
      [8, 0.533731488, 5.435046429, 0.533731488, 0, 0, 3, 1.901314941],
      [9, 0.566891367, 6.298701429, 0.566891367, 0, 0, 0, 5.731810061],
      [10, 1.691220062, 6.201582857, 1.691220062, 0, 0, 0, 4.510362795],
      [11, 0.633380649, 5.250115714, 0.633380649, 0, 0, 0, 4.616735065],
      [12, 0.741005445, 5.495031429, 0.741005445, 0, 0, 0, 4.754025984],
      [13, 0.734501236, 5.992971429, 0.734501236, 0, 0, 0, 5.258470192],
      [14, 0.686813192, 4.801195714, 0.686813192, 0, 0, 0, 4.114382523],
      [15, 0.748742411, 3.830470714, 0.748742411, 0, 0, 0, 3.081728303],
      [16, 0.751275076, 1.930945714, 0.751275076, 0, 0, 0, 1.179670639],
      [17, 1.935739018, 0.410035714, 0.410035714, 1, 0.525703303, 0, 0],
      [18, 0.847959817, 0.237452143, 0.237452143, 0.610507674, 0, 0, 0],
      [19, 0.882252966, 0, 0, 0.882252966, 0, 0, 0],
      [20, 0.827072989, 0, 0, 0.827072989, 0, 0, 0],
      [21, 0.74677708, 0, 0, 0.74677708, 0, 0, 0],
      [22, 0.679967938, 0, 0, 0.679967938, 0, 0, 0],
      [23, 0.517108009, 0, 0, 0.517108009, 0, 0, 0],
      [24, 0.33114057, 0, 0, 0.33114057, 0, 0, 0],
      [25, 0.25698982, 0, 0, 0.25698982, 0, 0, 0],
      [26, 0.22721972, 0, 0, 0.22721972, 0, 0, 0],
      [27, 0.1944188, 0, 0, 0.1944188, 0, 0, 0],
      [28, 0.189954902, 0.264542143, 0.189954902, 0, 0, 0.07458724, 0],
      [29, 1.333134529, 0.844489286, 0.844489286, 0.488645243, 0, 0, 0],
      [30, 0.360286784, 2.043452143, 0.360286784, 0, 0, 1.683165358, 0],
      [31, 0.480743144, 1.456686429, 0.480743144, 0, 0, 0.975943285, 0],
      [32, 0.533042988, 1.298016429, 0.533042988, 0, 0, 0.764973441, 0],
      [33, 0.566189367, 3.284432143, 0.566189367, 0, 0, 0, 2.718242776],
      [34, 0.579429451, 1.400755714, 0.579429451, 0, 0, 0.821326263, 0],
      [35, 0.632696649, 6.095802857, 0.632696649, 0, 0, 0, 5.463106208],
      [36, 1.851351556, 5.71728, 1.851351556, 0, 0, 0, 3.865928444],
      [37, 0.733763236, 5.274349286, 0.733763236, 0, 0, 0, 4.54058605],
      [38, 0.686174192, 1.701325714, 0.686174192, 0, 0, 0, 1.015151523],
      [39, 0.748166411, 2.358304286, 0.748166411, 0, 0, 0, 1.610137875],
      [40, 0.750717076, 0.211375714, 0.211375714, 0.539341361, 0, 0, 0],
      [41, 0.824033906, 0.163922143, 0.163922143, 0.660111764, 0, 0, 0],
      [42, 0.847266817, 0.004422857, 0.004422857, 0.84284396, 0, 0, 0],
      [43, 0.881447466, 0, 0, 0.881447466, 0, 0, 0],
      [44, 0.826258489, 0, 0, 0.826258489, 0, 0, 0],
      [45, 1.857127691, 0, 0, 1, 0.857127691, 0, 0],
      [46, 0.679265938, 0, 0, 0.679265938, 0, 0, 0],
      [47, 0.516568009, 0, 0, 0.516568009, 0, 0, 0],
      [48, 0.33079407, 0, 0, 0.33079407, 0, 0, 0],
      [49, 0.25673782, 0, 0, 0.25673782, 0, 0, 0],
      [50, 0.22698572, 0, 0, 0.22698572, 0, 0, 0],
      [51, 0.1942028, 0, 0, 0.1942028, 0, 0, 0],
      [52, 0.189725402, 0.189077143, 0.189077143, 0.00064826, 0, 0, 0],
      [53, 0.221748918, 0.860798571, 0.221748918, 0, 0, 0.639049653, 0],
      [54, 0.359832284, 2.811278571, 0.359832284, 0, 0, 2.451446287, 0],
      [55, 0.480144644, 4.673577857, 0.480144644, 0, 0, 3, 1.193433213],
      [56, 1.643497099, 3.687465, 1.643497099, 0, 0, 2.043967901, 0],
      [57, 0.565523367, 4.945675714, 0.565523367, 0, 0, 0, 4.380152347],
      [58, 0.578790451, 2.377746429, 0.578790451, 0, 0, 0, 1.798955978],
      [59, 0.632039649, 4.836670714, 0.632039649, 0, 0, 0, 4.204631065],
      [60, 0.739520445, 1.993602857, 0.739520445, 0, 0, 0, 1.254082412],
      [61, 0.733061236, 0.976990714, 0.733061236, 0, 0, 0, 0.243929478],
      [62, 1.796677803, 2.347062857, 1.796677803, 0, 0, 0, 0.550385054],
      [63, 0.747612911, 0.471587143, 0.471587143, 0.276025768, 0, 0, 0],
      [64, 0.750190576, 0.222985714, 0.222985714, 0.527204861, 0, 0, 0],
      [65, 0.823466906, 0.398241429, 0.398241429, 0.425225478, 0, 0, 0],
