{
  "results": {
    "scenario": "Scenario 5PV-7BAT",
    "total_power_demand": 11.38,
    "generation_pv": 4.69,
    "own_consumption": 4.02,
    "power_purchased": 7.36,
    "power_sold": 0.67,
    "own_consumption_ratio": 35,
    "total_cost": 16450,
    "annual_savings": 765,
    "return_on_invest": 21.5,
    "winter": [
      [
        "No",
        "Strombedarf GESAMT [kW]",
        "Stromerzeugung GESAMT [kW]",
        "von PV [kW]",
        "von Batterie [kW]",
        "in Batterie [kW]",
        "Netzbezug [kW]",
        "Netzeinspeisung [kW]"
      ],
      [0, 0.50463357, 0, 0, 0.50463357, 0, 0, 0],
      [1, 0.37529482, 0, 0, 0.37529482, 0, 0, 0],
      [2, 0.30103322, 0, 0, 0.30103322, 0, 0, 0],
      [3, 1.738166781, 0, 0, 1, 0.738166781, 0, 0],
      [4, 1.713277384, 0, 0, 1, 0.713277384, 0, 0],
      [5, 0.225965418, 0, 0, 0.225965418, 0, 0, 0],
      [6, 1.720596766, 0, 0, 1, 0.720596766, 0, 0],
      [7, 1.777859625, 0, 0, 1, 0.777859625, 0, 0],
      [8, 2.002743469, 2.289062, 2.002743469, 0, 0, 0.286318531, 0],
      [9, 2.306168849, 3.274579, 2.306168849, 0, 0, 0.968410151, 0],
      [10, 2.535845432, 3.87, 2.535845432, 0, 0, 1.334154568, 0],
      [11, 1.257661149, 4.128, 1.257661149, 0, 0, 2.870338851, 0],
      [12, 2.811968926, 4.250077, 2.811968926, 0, 0, 1.438108074, 0],
      [13, 3.746799829, 1.58713, 1.58713, 1, 1.159669829, 0, 0],
      [14, 2.456843673, 0.509894, 0.509894, 1, 0.946949673, 0, 0],
      [15, 0.974786411, 0, 0, 0.974786411, 0, 0, 0],
      [16, 2.417841557, 0, 0, 1, 1.417841557, 0, 0],
      [17, 2.569638388, 0, 0, 1, 1.569638388, 0, 0],
      [18, 3.805092909, 0, 0, 0, 3.805092909, 0, 0],
      [19, 2.757038947, 0, 0, 1, 1.757038947, 0, 0],
      [20, 2.606589471, 0, 0, 0, 2.606589471, 0, 0],
      [21, 0.93984058, 0, 0, 0.93984058, 0, 0, 0],
      [22, 2.28511842, 0, 0, 0, 2.28511842, 0, 0],
      [23, 2.07007649, 0, 0, 0, 2.07007649, 0, 0],
      [24, 1.875635551, 0, 0, 0, 1.875635551, 0, 0],
      [25, 1.783723302, 0, 0, 0, 1.783723302, 0, 0],
      [26, 1.752004701, 0, 0, 0, 1.752004701, 0, 0],
      [27, 1.723694781, 0, 0, 0, 1.723694781, 0, 0],
      [28, 2.826957995, 0, 0, 0, 2.826957995, 0, 0],
      [29, 1.753918399, 0, 0, 0, 1.753918399, 0, 0],
      [30, 0.514164284, 0, 0, 0.514164284, 0, 0, 0],
      [31, 2.222288625, 0, 0, 0, 2.222288625, 0, 0],
      [32, 3.36610658, 1.678462, 1.678462, 0, 1.68764458, 0, 0],
      [33, 2.221793849, 0.583897, 0.583897, 0, 1.637896849, 0, 0],
      [34, 2.213271932, 4.011298, 2.213271932, 0, 0, 1.798026068, 0],
      [35, 2.26863163, 1.333129, 1.333129, 0.93550263, 0, 0, 0],
      [36, 2.018369056, 0.93955, 0.93955, 1, 0.078819056, 0, 0],
      [37, 2.393629218, 1.248806, 1.248806, 0, 1.144823218, 0, 0],
      [38, 2.341832673, 0.039044, 0.039044, 0, 2.302788673, 0, 0],
      [39, 0.909936911, 0, 0, 0.909936911, 0, 0, 0],
      [40, 3.521613168, 0, 0, 0, 3.521613168, 0, 0],
      [41, 2.587197388, 0, 0, 0, 2.587197388, 0, 0],
      [42, 2.749975298, 0, 0, 0, 2.749975298, 0, 0],
      [43, 1.337310966, 0, 0, 0, 1.337310966, 0, 0],
      [44, 2.653245471, 0, 0, 0, 2.653245471, 0, 0],
      [45, 2.452948062, 0, 0, 0, 2.452948062, 0, 0],
      [46, 2.29685442, 0, 0, 0, 2.29685442, 0, 0],
      [47, 3.191839102, 0, 0, 0, 3.191839102, 0, 0]
    ],
    "summer": [
      [
        "No",
        "Strombedarf GESAMT [kW]",
        "Stromerzeugung GESAMT [kW]",
        "von PV [kW]",
        "von Batterie [kW]",
        "in Batterie [kW]",
        "Netzbezug [kW]",
        "Netzeinspeisung [kW]"
      ],
      [0, 0.33149157, 0, 0, 0.33149157, 0, 0, 0],
      [1, 0.25725532, 0, 0, 0, 0.25725532, 0, 0],
      [2, 0.22745822, 0, 0, 0, 0.22745822, 0, 0],
      [3, 1.305754911, 0, 0, 0, 1.305754911, 0, 0],
      [4, 0.190188902, 0.059641, 0.059641, 0.130547902, 0, 0, 0],
      [5, 0.222311418, 0.379389, 0.222311418, 0, 0, 0.157077582, 0],
      [6, 0.360759284, 1.235562, 0.360759284, 0, 0, 0.874802716, 0],
      [7, 0.481368644, 2.098529, 0.481368644, 0, 0, 1.617160356, 0],
      [8, 0.533731488, 2.536355, 0.533731488, 0, 0, 2.002623512, 0],
      [9, 0.566891367, 2.939394, 0.566891367, 0, 0, 2.372502633, 0],
      [10, 1.691220062, 2.894072, 1.691220062, 0, 0, 1.202851938, 0],
      [11, 0.633380649, 2.450054, 0.633380649, 0, 0, 0, 1.816673351],
      [12, 0.741005445, 2.564348, 0.741005445, 0, 0, 0, 1.823342555],
      [13, 0.734501236, 2.79672, 0.734501236, 0, 0, 0, 2.062218764],
      [14, 0.686813192, 2.240558, 0.686813192, 0, 0, 0, 1.553744808],
      [15, 0.748742411, 1.787553, 0.748742411, 0, 0, 0, 1.038810589],
      [16, 0.751275076, 0.901108, 0.751275076, 0, 0, 0, 0.149832924],
      [17, 1.935739018, 0.19135, 0.19135, 1, 0.744389018, 0, 0],
      [18, 0.847959817, 0.110811, 0.110811, 0.737148817, 0, 0, 0],
      [19, 0.882252966, 0, 0, 0.882252966, 0, 0, 0],
      [20, 0.827072989, 0, 0, 0.827072989, 0, 0, 0],
      [21, 0.74677708, 0, 0, 0.74677708, 0, 0, 0],
      [22, 0.679967938, 0, 0, 0.679967938, 0, 0, 0],
      [23, 0.517108009, 0, 0, 0.517108009, 0, 0, 0],
      [24, 0.33114057, 0, 0, 0.33114057, 0, 0, 0],
      [25, 0.25698982, 0, 0, 0.25698982, 0, 0, 0],
      [26, 0.22721972, 0, 0, 0.22721972, 0, 0, 0],
      [27, 0.1944188, 0, 0, 0.1944188, 0, 0, 0],
      [28, 0.189954902, 0.123453, 0.123453, 0.066501902, 0, 0, 0],
      [29, 1.333134529, 0.394095, 0.394095, 0.939039529, 0, 0, 0],
      [30, 0.360286784, 0.953611, 0.360286784, 0, 0, 0.593324216, 0],
      [31, 0.480743144, 0.679787, 0.480743144, 0, 0, 0.199043856, 0],
      [32, 0.533042988, 0.605741, 0.533042988, 0, 0, 0.072698012, 0],
      [33, 0.566189367, 1.532735, 0.566189367, 0, 0, 0.966545633, 0],
      [34, 0.579429451, 0.653686, 0.579429451, 0, 0, 0.074256549, 0],
      [35, 0.632696649, 2.844708, 0.632696649, 0, 0, 2.212011351, 0],
      [36, 1.851351556, 2.668064, 1.851351556, 0, 0, 0.816712444, 0],
      [37, 0.733763236, 2.461363, 0.733763236, 0, 0, 1.727599764, 0],
      [38, 0.686174192, 0.793952, 0.686174192, 0, 0, 0.107777808, 0],
      [39, 0.748166411, 1.100542, 0.748166411, 0, 0, 0, 0.352375589],
      [40, 0.750717076, 0.098642, 0.098642, 0.652075076, 0, 0, 0],
      [41, 0.824033906, 0.076497, 0.076497, 0.747536906, 0, 0, 0],
      [42, 0.847266817, 0.002064, 0.002064, 0.845202817, 0, 0, 0],
      [43, 0.881447466, 0, 0, 0.881447466, 0, 0, 0],
      [44, 0.826258489, 0, 0, 0.826258489, 0, 0, 0],
      [45, 1.857127691, 0, 0, 1, 0.857127691, 0, 0],
      [46, 0.679265938, 0, 0, 0.679265938, 0, 0, 0],
      [47, 0.516568009, 0, 0, 0.516568009, 0, 0, 0],
      [48, 0.33079407, 0, 0, 0.33079407, 0, 0, 0],
      [49, 0.25673782, 0, 0, 0.25673782, 0, 0, 0],
      [50, 0.22698572, 0, 0, 0.22698572, 0, 0, 0],
      [51, 0.1942028, 0, 0, 0.1942028, 0, 0, 0],
      [52, 0.189725402, 0.088236, 0.088236, 0.101489402, 0, 0, 0],
      [53, 0.221748918, 0.401706, 0.221748918, 0, 0, 0.179957082, 0],
      [54, 0.359832284, 1.31193, 0.359832284, 0, 0, 0.952097716, 0],
      [55, 0.480144644, 2.181003, 0.480144644, 0, 0, 1.700858356, 0],
      [56, 1.643497099, 1.720817, 1.643497099, 0, 0, 0.077319901, 0],
      [57, 0.565523367, 2.307982, 0.565523367, 0, 0, 1.742458633, 0],
      [58, 0.578790451, 1.109615, 0.578790451, 0, 0, 0.530824549, 0],
      [59, 0.632039649, 2.257113, 0.632039649, 0, 0, 1.625073351, 0],
      [60, 0.739520445, 0.930348, 0.739520445, 0, 0, 0.190827555, 0],
      [61, 0.733061236, 0.455929, 0.455929, 0.277132236, 0, 0, 0],
      [62, 1.796677803, 1.095296, 1.095296, 0.701381803, 0, 0, 0],
      [63, 0.747612911, 0.220074, 0.220074, 0.527538911, 0, 0, 0],
      [64, 0.750190576, 0.10406, 0.10406, 0.646130576, 0, 0, 0],
      [65, 0.823466906, 0.185846, 0.185846, 0.637620906, 0, 0, 0],
      [66, 0.846618817, 0.104963, 0.104963, 0.741655817, 0, 0, 0],
      [67, 0.880682466, 0, 0, 0.880682466, 0, 0, 0],
      [68, 0.825497989, 0, 0, 0.825497989, 0, 0, 0],
      [69, 0.74528758, 0, 0, 0.74528758, 0, 0, 0],
      [70, 0.678595438, 0, 0, 0.678595438, 0, 0, 0],
